{"cameraMode":{"drawMode":0,"name":"Shaded","section":"Shading Mode"},"sceneLighting":true,"audioPlay":false,"sceneViewState":{"showFog":true,"showMaterialUpdate":false,"showSkybox":true,"showFlares":true,"showImageEffects":true,"showParticleSystems":true},"in2DMode":false,"pivot":{"x":2.100982189178467,"y":3.0450000762939455,"z":1.5299997329711915},"rotation":{"x":-0.43924960494041445,"y":0.01266316045075655,"z":-0.006193884648382664,"w":-0.8982601165771484},"size":11.012784957885743,"orthographic":false}