{"cameraMode":{"drawMode":0,"name":"Shaded","section":"Shading Mode"},"sceneLighting":true,"audioPlay":false,"sceneViewState":{"showFog":true,"showMaterialUpdate":false,"showSkybox":true,"showFlares":true,"showImageEffects":true,"showParticleSystems":true},"in2DMode":false,"pivot":{"x":-12.496329307556153,"y":7.299826145172119,"z":-10.197986602783204},"rotation":{"x":0.13332659006118775,"y":0.7591488361358643,"z":-0.1644352376461029,"w":0.6155297756195068},"size":3.5762739181518556,"orthographic":false}